{"cameraMode":{"drawMode":0,"name":"Shaded","section":"Shading Mode"},"sceneLighting":true,"audioPlay":false,"sceneViewState":{"m_AlwaysRefresh":false,"showFog":true,"showSkybox":true,"showFlares":true,"showImageEffects":true,"showParticleSystems":true,"showVisualEffectGraphs":true,"m_FxEnabled":true},"in2DMode":false,"pivot":{"x":439.9536437988281,"y":202.77392578125,"z":19.22332763671875},"rotation":{"x":0.040487829595804217,"y":0.007493759971112013,"z":-0.00030394611530937254,"w":0.9991544485092163},"size":239.5846405029297,"orthographic":false}