{"cameraMode":{"drawMode":0,"name":"Shaded","section":"Shading Mode"},"sceneLighting":true,"audioPlay":false,"sceneViewState":{"m_AlwaysRefresh":false,"showFog":true,"showSkybox":true,"showFlares":true,"showImageEffects":true,"showParticleSystems":true,"showVisualEffectGraphs":true,"m_FxEnabled":true},"in2DMode":false,"pivot":{"x":-1.5822051763534547,"y":1.4914624691009522,"z":0.9673318862915039},"rotation":{"x":-0.028495091944932939,"y":-0.00899620819836855,"z":-0.0002565564645919949,"w":0.999555230140686},"size":5.6737799644470219,"orthographic":false}