{"cameraMode":{"drawMode":0,"name":"Shaded","section":"Shading Mode"},"sceneLighting":true,"audioPlay":false,"sceneViewState":{"m_AlwaysRefresh":false,"showFog":true,"showSkybox":true,"showFlares":true,"showImageEffects":true,"showParticleSystems":true,"showVisualEffectGraphs":true,"m_FxEnabled":true},"in2DMode":false,"pivot":{"x":-0.5762944221496582,"y":1.8095455169677735,"z":-0.7067861557006836},"rotation":{"x":-0.08013150840997696,"y":0.9046145677566528,"z":-0.19594399631023408,"w":-0.36994314193725588},"size":4.097500801086426,"orthographic":false}