{"cameraMode":{"drawMode":0,"name":"Shaded","section":"Shading Mode"},"sceneLighting":false,"audioPlay":false,"sceneViewState":{"m_AlwaysRefresh":false,"showFog":true,"showSkybox":false,"showFlares":true,"showImageEffects":true,"showParticleSystems":true,"showVisualEffectGraphs":true,"m_FxEnabled":true},"in2DMode":false,"pivot":{"x":0.21331733465194703,"y":0.9220597743988037,"z":-0.19597965478897096},"rotation":{"x":-0.11602261662483216,"y":0.2031986117362976,"z":-0.024255942553281785,"w":-0.971939742565155},"size":1.450188159942627,"orthographic":false}